{
  "dataset": {
    "raw_rows": 175320,
    "feature_rows": 175320
  },
  "lightgbm": {
    "manual_r2": 0.9126736022775028,
    "tuned_r2": 0.9936422421979462,
    "delta": 0.08096863992044334,
    "pct_improvement": 8.871587796381169
  },
  "catboost": {
    "manual_r2": 0.9839026012451006,
    "tuned_r2": 0.9943351455860826,
    "delta": 0.010432544340981953,
    "pct_improvement": 1.0603228742133486
  },
  "lstm": {
    "manual_mae": 22.89886474609375,
    "tuned_mae": 18.776020050048828,
    "delta": 4.122844696044922,
    "pct_improvement": 18.004581195442128
  }
}